Product_Category,Product_Image,Product_Orders,Product_Rating,Product_Reviews,Product_Title
dresses,https://ae01.alicdn.com/kf/H6ae8714418a3443f9cedf6da5e95a5e2e/Dulzura-Ribbed-Knitted-Stripe-Women-Sleeveless-Midi-Dress-V-Neck-Bodycon-Sexy-Streetwear-Party-Club-Elegant.jpg_Q90.jpg_.webp,3987,4.7,536,Dulzura Ribbed Knitted Stripe Women Sleeveless Midi Dress V Neck Bodycon Sexy Streetwear Party Club Elegant 2021 Spring Summer
t-shirts,https://ae01.alicdn.com/kf/Hc460923930354a5d9156c2a5a9204f10E/Disney-cartoon-Mickey-Tshirt-Tops-Summer-casual-oversized-Women-T-shirts-Ulzzang-hip-hop-Streetwear-Harajuku.jpg_Q90.jpg_.webp,4223,4.4,803,Disney cartoon Mickey Tshirt Tops Summer casual oversized Women T-shirts Ulzzang hip hop Streetwear Harajuku short sleeve tshirt
dresses,https://ae01.alicdn.com/kf/H3c1d1fe75def4e4ba9e02032b08ed09el/WAYOFLOVE-Plus-Size-Peacock-Feather-Green-Dress-2021-Casual-Girl-Long-Dresses-Summer-Woman-Sleeveless-Beach.jpg_Q90.jpg_.webp,88,5.0,36,WAYOFLOVE Plus Size Peacock Feather Green Dress 2021 Casual Girl Long Dresses Summer Woman Sleeveless Beach Maxi Dress For Women
blouses-shirts,https://ae01.alicdn.com/kf/Hb333d482786b496fbc1aa7c5966acf8be/Syiwidii-Women-Blouses-Office-Lady-Cotton-Oversize-Plus-Size-Tops-Pink-White-Blue-Long-Sleeve-2021.jpg_Q90.jpg_.webp,3073,4.7,926,Syiwidii Women Blouses Office Lady Cotton Oversize Plus Size Tops Pink White Blue Long Sleeve 2021 Spring Korean Fashion Shirts
dresses,https://ae01.alicdn.com/kf/H5d2e688ac86849da915323f5f587a5be7/Boho-Floral-Summer-Women-Slip-Dress-2021-Lady-Sexy-Deep-V-neck-Backless-Lady-Dresses-Fashion.jpg_Q90.jpg_.webp,2,,None,Boho Floral Summer Women Slip Dress 2021 Lady Sexy Deep V-neck Backless Lady Dresses Fashion Elegant Beach A-line Female Clothes
blouses-shirts,https://ae01.alicdn.com/kf/Hf7d5642892a041f19ec9e3555fc8e3ffm/H-Han-Queen-New-Office-Lady-Blusa-Vintage-Print-Tops-Simple-Elegant-Chiffon-Women-Blouses-Korean.jpg_Q90.jpg_.webp,96,4.6,23,H Han Queen New Office Lady Blusa Vintage Print Tops Simple Elegant Chiffon Women Blouses Korean Chic Long Sleeve Casual Shirts
dresses,https://ae01.alicdn.com/kf/H6d2246ca8d6e4b249c390712507776cfT/European-and-American-2021-spring-new-printing-mesh-dress-dress-woman-dress-sexy-dress-women.jpg_Q90.jpg_.webp,1,,None,European and American 2021 spring new printing mesh dress dress  woman dress  sexy dress women
blouses-shirts,https://ae01.alicdn.com/kf/Hfcf0ea6c56b24a4c96f1b3b8205e710fo/Women-Blouses-Turn-down-Collar-Spring-Shirts-Plaid-All-match-BF-Batwing-sleeve-Loose-Outwear-Harajuku.jpg_Q90.jpg_.webp,524,4.2,124,Women Blouses Turn-down Collar Spring Shirts Plaid All-match BF Batwing-sleeve Loose Outwear Harajuku Female 4 Colors Chic New
blouses-shirts,https://ae01.alicdn.com/kf/Hddc7855ed5d44cfb84296ec0a0f937e2Q/hirigin-Zipper-Women-Shirts-Autumn-Long-Sleeve-Solid-Rib-Knit-Tops-Pullover-Elegant-Slim-Fit-Bodycon.jpg_Q90.jpg_.webp,244,4.8,61,hirigin Zipper Women Shirts Autumn Long Sleeve Solid Rib Knit Tops Pullover Elegant Slim Fit Bodycon Office Blouse
